ID,mobID,actualHealth,coordinatesX,coordinatesY,holdingItem
1,3,3,180,40,
2,3,5,-165,-312,
3,3,4,405,450,
4,3,1,329,-78,
5,3,4,-330,-327,
6,3,4,-188,256,
7,3,4,-131,-36,
8,3,1,-74,290,
9,3,6,264,190,
10,3,3,437,49,
11,3,4,-431,-461,
12,3,2,-444,-414,
13,3,5,250,-375,
14,3,6,480,-27,
15,3,3,-426,-403,
16,3,3,15,174,
17,3,3,302,66,
18,3,3,-283,-273,
19,3,6,-381,4,
20,3,2,133,-38,
21,3,1,-106,96,
22,4,11,-494,388,8
23,4,11,-466,199,8
24,4,5,329,-96,8
25,4,14,-264,-414,8
26,4,19,-385,-4,8
27,4,18,489,429,
28,4,17,396,49,8
29,4,6,458,55,8
30,4,16,-151,25,8
31,4,6,-365,85,
32,4,9,400,474,8
33,4,8,74,-459,
34,4,7,-264,303,8
35,4,10,11,-364,
36,4,6,150,199,8
37,4,7,452,202,8
38,4,12,425,398,
39,4,8,-161,363,
40,4,18,390,220,8
41,4,13,-19,100,
42,4,20,-46,343,8
43,5,4,-288,403,
44,5,3,101,201,40
45,5,3,429,363,
46,5,3,-337,-137,
47,5,3,140,51,32
48,5,1,486,-286,
49,5,2,198,-214,
50,5,3,-313,-323,
51,5,2,-63,321,
52,5,2,202,-129,40
53,5,1,442,-79,
54,5,4,13,482,
55,5,3,297,-280,
56,5,2,133,376,
57,5,4,-494,31,
58,5,1,-75,-355,
59,5,3,-189,132,40
60,5,1,-146,334,32
61,5,1,163,274,
62,5,3,-146,280,32
63,5,3,118,-273,
64,5,2,154,-312,
65,5,4,150,-391,
66,5,2,283,125,40
67,5,3,-145,223,
68,5,2,-304,-298,
69,5,4,365,-163,
70,5,1,65,-53,
71,5,3,-483,425,40
72,6,5,-229,-103,
73,6,3,55,-326,
74,6,6,-126,182,
75,6,10,179,-126,
76,6,2,178,-36,
77,6,3,-439,468,
78,6,6,471,-417,
79,6,2,-306,326,
80,6,5,140,-393,
81,6,8,-229,281,
82,6,3,-291,299,
83,6,6,398,-463,
84,6,3,277,220,
85,6,5,164,448,
86,6,8,-483,-322,
87,6,4,-302,421,
88,6,6,156,437,
89,6,3,-48,-69,
90,6,3,375,492,
91,6,10,-107,275,
92,6,2,-473,-445,
93,6,6,-450,116,
94,6,2,464,41,
95,6,4,304,-315,
96,6,3,280,287,
97,6,4,441,-4,
98,6,3,-101,-304,
99,6,6,-382,-137,
100,6,2,13,-310,
101,6,10,-269,-61,
102,6,3,-231,-341,
103,6,10,173,-155,
104,6,5,377,-69,
105,8,28,-155,-56,
106,8,12,136,-443,
107,8,15,441,-232,
108,8,23,395,51,93
109,8,23,-75,127,
110,8,23,-210,493,
111,8,15,434,487,93
112,8,12,-390,361,93
113,8,28,-133,494,92
114,8,22,86,-92,
115,8,26,-377,-161,
116,8,7,204,-460,
117,8,20,305,124,92
118,8,25,182,-202,
119,8,23,497,-477,
120,8,12,379,24,92
121,8,24,-91,-448,
122,8,19,432,130,92
123,8,23,422,166,
124,8,29,81,52,
125,8,22,-219,-61,
126,8,19,230,-351,
127,8,24,59,-21,
128,8,11,-356,-203,
129,8,14,240,-458,
130,8,12,381,-379,93
131,8,28,-164,-51,
132,9,68,367,498,92
133,9,68,-498,381,93
134,9,44,114,401,
135,9,39,247,-203,92
136,9,77,245,-446,93
137,9,67,496,-217,93
138,9,78,-345,-231,92
139,9,76,-379,-323,
140,9,62,359,-452,
141,9,51,10,348,92
142,9,21,418,-143,92
143,9,58,409,46,
144,9,28,-418,114,
145,9,80,-73,467,
146,9,71,464,51,
147,9,64,415,-227,
148,9,43,-175,-142,93
149,9,34,207,-67,93
150,9,50,143,-51,93
151,9,40,-299,225,
152,9,66,88,202,
153,9,69,-374,131,92
154,9,80,-268,173,
155,9,67,-172,430,
156,9,38,209,-227,
157,9,53,-260,392,92
158,9,25,-184,-181,93
159,10,8,162,-397,
160,10,7,333,299,
161,10,20,-460,122,86
162,10,15,110,32,
163,10,6,442,-279,86
164,10,15,-413,408,86
165,10,11,-469,-166,
166,10,8,-31,205,86
167,10,19,4,499,
168,10,16,-359,57,
169,10,8,-484,384,
170,10,11,323,-363,86
171,10,6,-364,402,
172,10,11,-245,17,86
173,10,18,328,-71,
174,10,19,-66,-150,86
175,10,14,-44,234,86
176,10,14,63,-228,86
177,10,9,474,39,86
178,10,6,57,301,
179,10,5,197,13,
180,10,10,-406,-458,
181,10,5,11,441,86
182,10,20,-6,362,
183,10,16,-101,333,86
184,10,11,321,419,86
185,10,9,-293,-427,
186,10,20,-287,-420,
187,10,5,484,433,86
188,10,10,245,435,
189,10,17,13,300,
190,10,7,26,381,86
191,10,20,79,-273,86
192,10,17,461,-440,86
193,11,5,216,37,
194,11,8,-311,51,
195,11,3,257,390,
196,11,2,56,89,
197,11,4,-410,351,
198,11,3,-9,-328,
199,11,5,-308,-22,
200,11,2,-125,219,
201,11,7,367,328,
202,11,6,-385,-105,
203,11,7,-73,-1,
204,11,7,-246,-426,
205,11,3,-119,-396,
206,11,5,-368,-56,
207,11,2,-259,262,
208,11,4,438,191,
209,11,5,-416,119,
210,11,4,-326,64,
211,11,6,85,-395,
212,11,7,-178,213,
213,11,5,289,-493,
214,11,4,451,-107,
215,11,7,410,-86,
216,11,2,-360,-61,
217,11,4,-245,294,
218,11,7,-46,157,
219,11,6,-462,85,
220,11,5,-145,-434,
221,11,7,-235,-491,
222,11,8,-67,343,
223,13,14,259,399,
224,13,16,137,-286,
225,13,18,256,489,
226,13,18,421,-490,
227,13,17,-108,-131,
228,13,16,133,259,
229,13,20,289,-287,
230,13,12,202,56,
231,13,10,-194,434,
232,13,17,302,131,
233,13,15,-453,-257,
234,13,16,430,-358,
235,13,6,-457,-389,
236,13,11,419,384,
237,13,14,33,-102,
238,13,12,-290,16,
239,13,8,-386,241,
240,13,5,-27,159,
241,13,16,422,-393,
242,13,14,-189,-323,
243,13,17,227,275,
244,13,5,258,-335,
245,13,12,77,-413,
246,13,16,-32,410,
247,13,17,428,408,
248,13,6,-485,-456,
249,13,17,-206,-190,
250,14,18,166,39,125
251,14,21,-489,-408,
252,14,18,236,-402,
253,14,7,-125,53,
254,14,17,276,-423,120
255,14,20,-384,329,105
256,14,18,435,-398,123
257,14,19,-384,114,
258,14,20,-309,178,
259,14,22,-414,35,105
260,14,17,-324,397,57
261,14,6,-18,-250,
262,14,16,-36,100,
263,14,21,-338,-132,57
264,14,25,347,260,125
265,14,20,356,189,125
266,14,17,375,416,52
267,14,15,120,9,57
268,14,14,-363,-304,
269,14,8,250,320,
270,14,16,205,20,125
271,14,16,108,200,123
272,14,13,127,-479,105
273,14,17,457,-183,120
274,14,13,36,351,
275,14,14,-323,260,
276,15,18,128,-281,
277,15,12,-233,-332,
278,15,20,-330,410,
279,15,5,53,185,
280,15,10,68,-235,
281,15,7,300,20,
282,15,15,-167,-42,
283,15,14,-209,-403,
284,15,17,344,313,
285,15,13,362,326,
286,15,7,-93,480,
287,15,17,-297,181,
288,15,20,-153,-319,
289,15,9,488,-470,
290,15,20,408,418,
291,15,9,375,343,
292,15,6,-185,-125,
293,15,9,434,396,
294,15,10,202,48,
295,15,16,476,391,
296,15,7,449,-369,
297,15,7,28,137,
298,15,11,500,-11,
299,15,7,-121,401,
300,15,5,376,-434,
301,15,12,-269,-58,
302,15,5,-288,-289,
303,15,9,-64,-16,
304,15,15,-300,-358,
305,15,13,-169,437,
306,15,17,-411,-202,
307,15,15,-52,181,
308,15,8,-397,-464,
309,15,14,-351,-369,
310,15,17,8,46,
311,15,19,-465,-458,
312,16,7,125,-285,
313,16,4,268,-149,
314,16,10,195,-105,
315,16,7,205,158,
316,16,5,407,-171,
317,16,4,-123,236,
318,16,3,-10,-495,
319,16,9,-392,-169,
320,16,8,332,-77,
321,16,7,-65,378,
322,16,8,-24,0,
323,16,14,-441,370,
324,16,4,-242,412,
325,16,11,367,-173,
326,16,6,282,76,
327,16,9,-386,-126,
328,16,12,-406,22,
329,16,5,405,231,
330,16,10,-337,460,
331,16,13,-304,321,
332,16,13,87,-321,
333,16,9,104,429,
334,16,5,406,-18,
335,16,5,-454,-135,
336,16,13,43,75,
337,16,12,-11,-389,
338,16,8,-478,368,
339,16,14,266,250,
340,16,8,-236,211,
341,16,13,-425,29,
342,16,12,-85,120,
343,16,10,-335,23,
344,16,14,-33,-22,
345,16,4,174,-361,
346,16,8,-449,200,
347,16,12,-499,-7,
348,16,9,331,-493,
349,17,9,424,-462,
350,17,27,-183,-3,
351,17,8,176,-483,
352,17,13,441,-372,
353,17,23,-326,82,
354,17,17,-499,-241,
355,17,23,303,-346,
356,17,12,394,81,
357,17,9,-65,9,
358,17,11,51,498,
359,17,11,360,-107,
360,17,29,126,-453,
361,17,27,94,-338,
362,17,9,-389,-392,
363,17,15,-322,-90,
364,17,18,404,-453,
365,17,11,-161,31,
366,17,25,-374,-258,
367,17,9,-483,333,
368,17,18,-402,57,
369,17,8,142,313,
370,17,14,30,-263,
371,17,16,362,288,
372,17,19,196,48,
373,17,22,332,-228,
374,17,22,448,69,
375,17,12,-177,-25,
376,17,25,144,165,
377,17,30,29,290,
378,17,8,147,238,
379,17,11,-369,112,
380,17,18,445,359,
381,17,21,-294,-274,
382,17,27,0,162,
383,17,7,-212,-114,
384,17,10,76,492,
385,18,6,286,-468,
386,18,7,-360,3,
387,18,8,493,-413,
388,18,8,385,250,
389,18,5,-130,-305,
390,18,5,161,-145,
391,18,2,-225,-151,
392,18,7,271,-114,
393,18,5,-15,-98,
394,18,2,368,348,
395,18,2,-64,-257,
396,18,2,313,-88,
397,18,4,-354,-293,
398,18,4,99,413,
399,18,2,218,35,
400,18,10,116,-304,
401,18,6,-22,-311,
402,18,4,-9,461,
403,18,5,-43,497,
404,18,6,-257,147,
405,18,8,-474,460,
406,18,4,87,-216,
407,18,3,77,-31,
408,18,7,-163,355,
409,18,8,-86,-373,
410,18,3,346,-390,
411,18,8,-333,345,
412,18,8,-314,466,
413,18,7,363,-292,
414,18,8,130,-112,
415,18,7,-78,342,
416,18,5,-213,-153,
417,18,7,46,89,
418,19,16,203,417,
419,19,21,-170,-132,
420,19,27,331,321,
421,19,30,389,-36,
422,19,10,77,-249,
423,19,16,-133,-305,
424,19,18,349,-95,
425,19,22,-151,92,
426,19,8,403,135,
427,19,29,-83,-177,
428,19,26,417,41,
429,19,25,-409,-46,
430,19,26,-61,-167,
431,19,15,-197,481,
432,19,19,33,134,
433,19,28,304,109,
434,19,20,30,-125,
435,19,19,331,170,
436,19,25,127,-493,
437,19,9,-330,96,
438,19,27,-16,350,
439,19,24,302,-135,
440,19,28,38,-281,
441,19,21,359,-121,
442,19,28,85,-312,
443,19,27,55,170,
444,19,8,-401,-118,
445,19,13,-476,-211,
446,19,12,-89,-109,
447,19,28,-49,142,
448,19,20,-218,323,
449,19,25,349,59,
450,19,8,259,-263,
451,19,13,4,229,
452,19,22,367,85,
453,19,15,250,-491,
454,19,20,-420,73,
455,20,3,77,399,124
456,20,7,451,49,124
457,20,4,461,-275,124
458,20,8,-76,-477,124
459,20,6,270,-251,124
460,20,3,-288,-302,124
461,20,5,-481,-194,
462,20,6,195,-254,
463,20,9,412,-494,124
464,20,8,236,329,
465,20,5,-63,-275,124
466,20,10,-96,-212,
467,20,4,-476,46,
468,20,9,349,461,124
469,20,4,359,-463,
470,20,10,123,-55,124
471,20,2,-13,-9,124
472,20,6,-97,-236,124
473,20,10,19,94,
474,20,5,87,42,
475,20,7,-325,-411,124
476,20,4,-407,-426,124
477,20,9,219,378,124
478,20,6,254,-466,124
479,20,2,-239,149,
480,20,9,-208,-428,124
481,20,9,271,257,
482,20,6,-381,-77,124
483,20,3,360,184,124
484,20,7,-391,466,
485,20,8,-48,151,124
486,20,8,-135,72,
487,20,9,114,308,124
488,20,8,409,469,124
489,20,10,239,-236,124
490,21,7,338,-330,68
491,21,10,57,166,68
492,21,3,-247,40,68
493,21,2,-137,212,68
494,21,8,-1,-311,
495,21,3,481,-308,68
496,21,4,225,308,
497,21,3,296,-419,
498,21,10,434,293,
499,21,7,-350,359,
500,21,4,-495,128,68
501,21,7,-28,401,
502,21,8,-173,-223,
503,21,8,-472,-233,68
504,21,10,-463,-459,
505,21,2,-62,282,68
506,21,2,498,309,
507,21,6,167,260,
508,21,3,-29,-203,
509,21,3,-85,-262,68
510,21,4,-428,15,68
511,21,4,422,106,68
512,21,4,-219,354,
513,21,5,-4,-214,68
514,21,4,-382,-83,68
515,21,9,-234,-420,
516,21,8,-407,124,68
517,21,5,-157,394,68
518,21,5,373,207,68
519,21,10,-371,139,68
520,21,10,378,421,
521,21,10,92,445,68
522,21,5,184,-4,68
523,21,8,-162,24,68
524,22,3,256,-394,
525,22,6,-5,366,
526,22,10,111,125,
527,22,5,129,-136,
528,22,10,414,-310,
529,22,9,-88,307,68
530,22,7,-356,177,
531,22,2,-159,-36,68
532,22,9,258,482,
533,22,5,479,57,
534,22,8,-412,278,
535,22,6,-470,-428,
536,22,10,437,-310,68
537,22,4,-197,0,
538,22,9,-367,456,
539,22,8,-40,333,
540,22,5,119,-229,68
541,22,3,-269,267,
542,22,3,-203,371,
543,22,6,80,234,68
544,22,5,345,140,68
545,22,8,-353,-202,
546,22,9,-329,-140,
547,22,9,-121,-50,
548,22,7,252,204,68
549,22,7,425,-248,
550,22,8,326,-64,
551,22,4,-193,397,
552,22,8,-30,231,68
553,22,10,-186,149,
554,23,15,-373,284,
555,23,12,-158,349,
556,23,15,446,6,
557,23,13,-56,-386,57
558,23,19,43,443,57
559,23,16,400,111,
560,23,15,-244,-171,57
561,23,5,-84,-461,57
562,23,15,-223,-446,
563,23,13,192,-238,
564,23,15,121,-364,
565,23,10,198,118,57
566,23,16,118,-349,
567,23,11,-188,76,
568,23,14,-104,-300,
569,23,16,471,108,
570,23,10,-205,-39,
571,23,10,-135,-246,
572,23,12,-31,105,
573,23,6,89,-314,
574,23,14,-120,-138,
575,23,15,322,-298,57
576,23,11,-206,-161,
577,23,17,242,-380,
578,23,18,-256,136,57
579,23,18,337,482,57
580,23,19,28,-75,57
581,23,14,369,33,
582,23,20,-53,166,
583,23,9,-373,-91,57
584,23,8,-192,7,
585,23,6,-160,150,
586,23,20,-491,-372,
587,23,16,59,-181,57
588,23,17,429,413,
589,23,9,246,361,
590,23,12,224,193,
591,23,11,382,377,
592,25,33,-479,-109,
593,25,14,-297,-78,36
594,25,29,-469,-366,
595,25,21,242,322,36
596,25,12,271,253,36
597,25,15,-171,75,36
598,25,29,-470,-191,36
599,25,40,52,317,36
600,25,21,296,75,36
601,25,16,23,456,
602,25,32,-142,-292,36
603,25,12,-307,-96,36
604,25,30,320,319,36
605,25,34,-280,435,
606,25,15,-278,445,36
607,25,37,447,304,
608,25,40,271,296,
609,25,10,-255,138,
610,25,14,-175,-253,
611,25,14,466,-270,
612,25,20,-462,-330,
613,25,12,112,364,36
614,25,20,-315,38,
615,25,18,-352,220,36
616,25,21,-496,420,
617,25,35,-72,323,36
618,25,29,-171,-472,
619,25,40,-308,410,
620,25,20,298,422,
621,25,19,-320,340,36
622,25,15,-37,379,36
623,25,25,500,170,36
624,25,28,-430,105,36
625,25,33,332,19,36
626,25,12,301,313,
627,25,24,113,-118,36
628,25,31,-180,-10,
629,25,23,-73,106,36
630,25,16,478,67,36
631,26,0,43,-372,
632,26,1,-337,43,11
633,26,3,91,-464,
634,26,3,304,422,
635,26,3,-72,320,
636,26,3,-360,-59,
637,26,2,-413,-1,10
638,26,1,-253,-144,10
639,26,3,-283,175,10
640,26,1,-490,-465,
641,26,2,-204,-493,10
642,26,2,437,-8,11
643,26,2,-240,-45,
644,26,3,16,454,
645,26,2,-443,-252,11
646,26,3,-62,-300,
647,26,1,406,302,
648,26,2,-88,-162,10
649,26,0,14,-132,
650,26,1,-226,-242,11
651,26,2,-178,214,
652,26,1,-340,18,
653,26,0,100,399,11
654,26,0,146,-291,
655,26,3,-38,448,10
656,26,2,188,-307,
657,26,1,-264,198,11
658,26,0,-9,218,10
659,26,0,2,41,
660,26,1,-425,390,
661,26,0,-201,430,
662,26,0,444,207,
663,26,0,124,414,10
664,26,0,471,398,10
665,26,3,-242,-247,11
666,26,3,226,-322,
667,26,2,46,-298,
668,26,3,364,396,
669,27,0,449,-370,
670,27,2,95,-241,
671,27,1,-170,-224,
672,27,0,385,442,
673,27,1,369,-175,10
674,27,3,-64,228,
675,27,0,-170,-170,
676,27,1,-493,447,
677,27,1,467,449,11
678,27,1,498,-325,11
679,27,3,351,-201,11
680,27,3,-312,200,10
681,27,0,198,283,95
682,27,1,377,-372,
683,27,3,-172,136,10
684,27,2,-201,-139,
685,27,3,-214,233,
686,27,0,-257,-155,10
687,27,0,-132,137,
688,27,3,483,-227,11
689,27,0,-101,-183,10
690,27,3,-460,324,
691,27,2,130,-51,
692,27,1,-440,282,11
693,27,3,493,-288,
694,27,3,-380,250,
695,27,3,-500,-136,95
696,27,1,-182,-52,
697,28,0,-304,-65,
698,28,2,166,-469,
699,28,1,255,324,11
700,28,3,-162,-36,
701,28,0,-306,-426,
702,28,1,313,64,11
703,28,0,291,314,11
704,28,2,486,459,11
705,28,3,-11,458,11
706,28,2,-260,-134,
707,28,3,58,-272,
708,28,0,-309,-399,
709,28,2,-427,-414,11
710,28,2,-403,63,11
711,28,0,226,-321,
712,28,2,-5,421,
713,28,0,184,339,
714,28,3,457,-349,
715,28,1,-484,212,11
716,28,1,27,-316,11
717,28,3,-223,-295,
718,28,0,404,-430,
719,28,1,413,-340,
720,28,2,-157,-274,11
721,28,3,101,-306,
722,28,2,16,-309,11
723,28,3,-142,64,11
724,28,0,-191,-75,11
725,28,3,-47,290,11
726,28,2,-483,209,
727,29,0,141,313,11
728,29,2,-158,92,11
729,29,1,192,-498,
730,29,2,-106,-271,10
731,29,2,138,445,10
732,29,2,66,-140,11
733,29,0,-178,-337,11
734,29,1,-22,304,10
735,29,0,-66,-26,10
736,29,2,350,-18,11
737,29,2,363,-151,
738,29,1,283,362,11
739,29,0,183,-17,10
740,29,3,-388,438,11
741,29,2,-169,-195,
742,29,1,-442,300,
743,29,3,120,251,
744,29,2,203,312,10
745,29,3,234,330,
746,29,2,460,416,
747,29,3,453,-174,
748,29,2,306,-471,10
749,29,2,220,306,10
750,29,3,-232,268,11
751,29,1,413,-143,10
752,29,0,122,144,11
753,29,3,266,448,11
754,29,2,476,140,
755,29,0,-109,-490,10
756,30,9,-114,-245,
757,30,9,161,-229,
758,30,9,499,83,
759,30,2,346,-317,
760,30,8,-73,395,
761,30,8,326,494,
762,30,10,-373,-116,
763,30,9,81,293,
764,30,4,-430,17,
765,30,8,62,71,
766,30,5,-415,125,
767,30,5,-255,366,
768,30,7,-413,52,
769,30,3,-258,392,
770,30,7,-28,147,
771,30,2,368,-227,
772,30,3,-347,-451,
773,30,8,-220,-29,
774,30,7,180,-302,
775,30,4,82,90,
776,30,3,130,194,
777,30,5,124,281,
778,30,8,426,-377,
779,30,7,385,-345,
780,30,8,80,-111,
781,30,2,118,-182,
782,30,10,-119,179,
783,30,3,262,374,
784,30,9,-140,305,
785,30,2,-375,349,
786,30,4,-111,9,
787,30,9,70,-149,
788,30,7,-375,225,
789,30,2,128,-101,
790,30,3,-230,62,
791,31,10,-408,243,
792,31,5,291,-35,
793,31,6,278,281,
794,31,7,459,-475,
795,31,8,84,45,
796,31,8,433,36,
797,31,4,-12,-341,
798,31,4,491,-376,
799,31,6,381,444,
800,31,4,-409,-362,
801,31,6,248,-250,
802,31,2,-254,436,
803,31,8,129,-312,
804,31,3,-209,-192,
805,31,5,-52,-470,
806,31,10,-307,-485,
807,31,10,-46,-131,
808,31,10,-460,-243,
809,31,5,-47,-373,
810,31,4,-234,-234,
811,31,9,-382,-364,
812,31,6,249,35,
813,31,10,229,202,
814,31,2,486,266,
815,31,9,133,-471,
816,31,2,-90,403,
817,31,10,102,217,
818,31,7,412,-349,
819,31,4,498,280,
820,31,5,12,-421,
821,31,8,-146,321,
822,31,3,-155,456,
823,31,8,34,28,
824,32,2,-17,-151,47
825,32,5,-129,70,47
826,32,4,296,266,
827,32,5,349,-378,47
828,32,6,-217,-29,
829,32,10,-171,228,57
830,32,5,-96,-216,57
831,32,8,-267,-349,47
832,32,8,-225,66,47
833,32,5,236,77,57
834,32,8,363,307,57
835,32,10,-260,-317,
836,32,5,-293,-80,
837,32,7,285,127,
838,32,7,-475,-291,
839,32,10,336,-499,47
840,32,3,114,17,
841,32,10,156,-27,
842,32,3,-236,-124,
843,32,4,17,109,
844,32,2,94,-466,47
845,32,10,-181,-14,57
846,32,7,2,-182,57
847,32,9,-442,349,
848,32,5,261,-440,
849,32,3,-215,-419,
850,32,3,-60,217,57
851,32,10,-188,20,47
852,32,10,104,-160,
853,32,6,343,-67,
854,32,9,380,-250,47
855,33,10,252,-398,
856,33,4,425,488,
857,33,8,155,-122,
858,33,4,355,-423,
859,33,8,76,-413,
860,33,4,397,-295,
861,33,6,-374,-336,
862,33,7,-68,-286,
863,33,7,230,-232,
864,33,2,-337,25,
865,33,7,491,103,
866,33,4,283,425,
867,33,6,418,-94,
868,33,3,-441,-407,
869,33,7,247,103,
870,33,3,-195,-58,
871,33,8,370,-100,
872,33,9,111,142,
873,33,10,110,176,
874,33,2,-103,144,
875,33,10,-461,-432,
876,33,6,348,-497,
877,33,9,-425,-93,
878,33,4,-319,308,
879,33,5,-100,-54,
880,33,3,272,-94,
881,33,8,417,177,
882,33,4,-480,69,
883,34,36,-457,72,68
884,34,30,226,215,
885,34,10,138,-233,
886,34,33,382,207,68
887,34,27,-381,280,68
888,34,11,257,347,
889,34,20,-122,-345,
890,34,27,424,415,68
891,34,26,-399,365,68
892,34,39,-80,396,68
893,34,38,7,-305,
894,34,21,63,-324,
895,34,24,-157,-481,
896,34,39,-172,439,
897,34,38,472,-64,
898,34,12,-34,-101,68
899,34,23,138,-29,68
900,34,16,431,-406,68
901,34,21,-194,-263,
902,34,29,441,-199,68
903,34,39,-241,-2,
904,34,17,-311,-494,68
905,34,20,-84,386,68
906,34,10,-250,-353,68
907,34,13,209,321,
908,35,18,322,-68,
909,35,36,74,131,
910,35,32,-388,313,
911,35,31,-390,-224,
912,35,21,444,496,
913,35,26,-35,355,
914,35,16,-160,-348,
915,35,11,-68,-493,
916,35,30,-189,248,
917,35,10,-374,-378,
918,35,32,-381,-444,
919,35,20,438,-286,
920,35,17,444,-352,
921,35,11,-50,-175,
922,35,36,201,451,
923,35,31,-441,255,
924,35,17,43,202,
925,35,30,480,312,
926,35,13,-118,-181,
927,35,26,-415,438,
928,35,20,-313,147,
929,35,10,-469,-65,
930,35,23,-450,-23,
931,35,14,96,-269,
932,35,24,-287,135,
933,35,24,-311,-100,
934,35,33,-323,284,
935,35,33,310,379,
936,35,39,-132,-335,
937,35,25,363,306,
938,35,18,-131,-446,
939,35,13,-297,-204,
940,35,11,110,104,
941,35,32,146,332,
942,35,28,-24,-455,
943,36,15,-371,353,68
944,36,14,359,78,68
945,36,10,259,-174,68
946,36,10,329,-91,68
947,36,10,171,400,
948,36,5,-253,-15,
949,36,9,-350,-469,
950,36,6,-190,-451,68
951,36,12,-295,344,68
952,36,11,354,-484,
953,36,5,-266,10,68
954,36,7,306,-406,
955,36,5,87,-91,
956,36,3,332,-128,68
957,36,5,416,-301,
958,36,11,375,103,
959,36,8,-361,460,68
960,36,3,-195,189,
961,36,12,-464,188,68
962,36,3,-141,-347,
963,36,3,-296,-2,
964,36,5,-474,-10,68
965,36,9,-293,79,
966,36,13,276,170,
967,36,7,-412,-65,68
968,36,11,165,-393,68
969,36,5,32,-60,68
970,36,6,-111,-368,68
971,36,12,54,391,68
972,36,9,323,163,
973,36,5,367,213,68
974,36,6,-52,115,68
975,36,7,220,446,
976,36,3,-481,-138,
977,37,10,120,-492,68
978,37,8,337,-232,68
979,37,6,-58,258,68
980,37,10,-280,-18,
981,37,6,-75,283,
982,37,9,270,-37,
983,37,9,-254,231,68
984,37,8,-39,-225,68
985,37,4,-294,77,
986,37,7,402,-248,
987,37,3,-347,270,
988,37,5,-385,-387,
989,37,9,18,-115,
990,37,5,-379,6,68
991,37,14,-205,164,68
992,37,5,61,467,
993,37,8,240,279,
994,37,11,-436,-287,68
995,37,7,-131,-98,
996,37,15,91,-411,
997,37,11,98,463,
998,37,5,446,36,
999,37,10,38,-48,68
1000,37,7,224,-55,
1001,37,7,-90,-205,
1002,37,12,279,362,68
1003,37,4,223,111,
1004,37,12,479,196,
1005,37,13,-339,232,
1006,37,14,46,-397,
1007,37,7,-421,200,
1008,38,14,236,358,
1009,38,8,-311,-403,68
1010,38,5,258,200,
1011,38,7,-149,482,68
1012,38,13,332,21,68
1013,38,15,434,33,68
1014,38,4,331,-484,68
1015,38,13,320,128,68
1016,38,7,-269,-91,68
1017,38,14,-85,-14,68
1018,38,13,-357,399,
1019,38,8,-391,-346,
1020,38,12,98,464,
1021,38,7,422,-372,68
1022,38,14,-315,-69,
1023,38,3,-267,344,68
1024,38,3,165,379,68
1025,38,13,-102,-499,68
1026,38,11,193,-223,
1027,38,13,-291,339,
1028,38,12,463,65,
1029,38,6,433,-472,
1030,38,8,-207,-467,
1031,38,5,-294,58,
1032,38,11,183,-372,
1033,38,3,-416,-91,
1034,39,16,453,-213,33
1035,39,11,430,-390,33
1036,39,9,8,-460,33
1037,39,9,-497,409,33
1038,39,8,-454,390,
1039,39,17,447,492,
1040,39,18,367,312,
1041,39,13,372,-302,33
1042,39,23,-395,-95,33
1043,39,20,-25,133,
1044,39,16,-333,462,33
1045,39,19,500,-116,
1046,39,14,-254,110,33
1047,39,14,169,-228,33
1048,39,15,395,-417,
1049,39,19,126,-451,33
1050,39,11,-125,-410,
1051,39,12,-443,266,33
1052,39,11,-40,443,33
1053,39,13,430,400,
1054,40,28,130,-68,
1055,40,13,-386,37,
1056,40,9,140,118,
1057,40,9,-488,446,
1058,40,24,481,36,
1059,40,27,179,-137,
1060,40,10,-393,-78,
1061,40,18,-293,65,
1062,40,12,245,-169,
1063,40,11,322,-139,
1064,40,28,-300,-464,
1065,40,24,-495,305,
1066,40,26,-318,377,
1067,40,18,274,-476,
1068,40,10,320,-333,
1069,40,13,-378,-12,
1070,40,25,183,-155,
1071,40,21,-312,326,
1072,40,20,202,231,
1073,40,19,125,-164,
1074,40,22,-173,123,
1075,40,29,214,-399,
1076,40,13,-319,177,
1077,40,16,407,3,
1078,40,26,-365,-235,
1079,40,28,-79,-75,
1080,40,12,389,208,
1081,40,8,-479,98,
1082,40,30,232,-406,
1083,40,15,100,-362,
1084,40,23,-115,-324,
1085,40,31,-279,0,
1086,40,17,476,-76,
1087,40,12,-234,319,
1088,41,10,-440,-459,
1089,41,7,317,456,
1090,41,20,453,28,
1091,41,6,-495,355,
1092,41,6,14,146,
1093,41,15,-258,-414,
1094,41,20,38,232,
1095,41,8,338,222,
1096,41,24,446,156,
1097,41,20,121,-305,
1098,41,16,-370,38,
1099,41,20,82,100,
1100,41,6,393,-54,
1101,41,18,96,-51,
1102,41,22,199,-347,
1103,41,18,28,-449,
1104,41,6,-409,-495,
1105,41,19,480,-448,
1106,41,12,347,211,
1107,41,16,-366,-411,
1108,41,10,-479,7,
1109,41,18,488,-380,
1110,41,19,-320,69,
1111,41,23,-99,295,
1112,41,12,54,388,
1113,41,13,-237,371,
1114,41,24,325,-366,
1115,41,20,279,-287,
1116,41,16,-165,190,
1117,41,20,188,-149,
1118,42,33,-361,-426,
1119,42,67,46,-444,
1120,42,67,159,338,
1121,42,47,-332,398,
1122,42,33,63,-205,
1123,42,69,366,-293,
1124,42,63,-403,166,
1125,42,52,202,453,
1126,42,30,83,254,
1127,42,55,289,495,
1128,42,47,-328,-448,
1129,42,32,-32,-20,
1130,42,92,344,-149,
1131,42,79,265,-191,
1132,42,90,-433,-183,
1133,42,36,-305,355,
1134,42,63,81,-19,
1135,42,54,178,348,
1136,42,32,436,-89,
1137,42,84,88,-9,
1138,42,42,-299,-7,
1139,42,37,-36,64,
1140,42,83,154,-141,
1141,42,68,470,134,
1142,42,73,379,335,
1143,42,45,302,26,
1144,42,71,484,294,
1145,42,67,12,-118,
1146,42,27,-233,-416,
1147,42,37,-250,456,
1148,42,67,458,-149,
1149,42,99,34,-87,
1150,42,26,260,-274,
1151,42,71,204,-49,
1152,42,26,180,314,
1153,42,46,306,-60,
1154,42,81,-277,-447,
1155,42,40,22,-429,
1156,43,6,21,428,
1157,43,6,-167,293,
1158,43,11,-442,-335,
1159,43,9,-345,214,
1160,43,7,-31,-200,
1161,43,4,343,-29,
1162,43,11,-251,-39,
1163,43,5,-274,-433,
1164,43,10,430,111,
1165,43,11,11,40,
1166,43,12,485,-480,
1167,43,11,135,-126,
1168,43,11,442,-12,
1169,43,14,198,63,
1170,43,14,-12,-27,
1171,43,5,367,112,
1172,43,5,333,158,
1173,43,6,67,180,
1174,43,7,-162,102,
1175,43,11,76,-46,
1176,43,4,233,-488,
1177,43,9,304,-497,
1178,43,11,-266,-46,
1179,43,9,406,330,
1180,43,13,-356,-58,
1181,43,5,-324,-337,
1182,43,8,-303,-393,
1183,43,8,-220,-301,
1184,43,3,-310,439,
1185,43,5,-393,-226,
1186,43,11,-469,-417,
1187,43,14,96,-461,
1188,43,5,-499,68,
1189,43,11,-378,176,
1190,43,11,-40,29,
1191,43,12,450,362,
1192,43,3,183,125,
1193,44,24,-27,28,33
1194,44,19,-160,-126,33
1195,44,14,161,-68,33
1196,44,11,453,135,
1197,44,23,273,233,33
1198,44,8,128,361,33
1199,44,9,-42,-204,
1200,44,21,-202,298,33
1201,44,7,-107,26,
1202,44,12,308,-262,
1203,44,12,-199,132,33
1204,44,10,-162,128,
1205,44,6,-490,-3,
1206,44,19,157,498,
1207,44,11,43,254,33
1208,44,8,493,-58,33
1209,44,10,312,-304,33
1210,44,10,450,72,33
1211,44,15,-360,-467,33
1212,44,7,61,-406,
1213,44,13,246,99,
1214,44,7,418,72,33
1215,44,8,-121,367,
1216,46,9,-155,-109,68
1217,46,4,335,-38,68
1218,46,6,481,-243,68
1219,46,5,294,0,68
1220,46,7,-452,307,
1221,46,14,-135,202,68
1222,46,4,-461,-401,
1223,46,12,121,-49,68
1224,46,12,489,40,68
1225,46,4,-448,438,
1226,46,13,293,228,
1227,46,13,212,-81,68
1228,46,14,-1,-59,
1229,46,13,-312,151,
1230,46,10,298,-316,68
1231,46,15,47,70,68
1232,46,5,254,-333,68
1233,46,5,483,113,
1234,46,5,-225,-404,68
1235,46,10,-126,-85,68
1236,46,14,479,-177,68
1237,46,6,-474,322,68
1238,46,7,-274,-208,68
1239,46,8,-192,-81,
1240,46,9,-59,-494,
1241,46,4,31,200,68
1242,46,4,-297,114,68
1243,46,7,259,-383,
1244,46,15,-465,-427,68
1245,46,3,344,335,68
1246,46,5,-34,253,68
1247,46,7,166,-323,
1248,46,7,-270,-327,
1249,46,9,162,43,
1250,46,15,-282,487,
1251,46,13,67,-326,68
1252,46,10,-467,-339,68
1253,46,5,73,144,
1254,47,8,-214,112,
1255,47,17,187,-354,
1256,47,16,59,76,
1257,47,12,-193,-415,
1258,47,9,271,35,
1259,47,9,92,-91,
1260,47,17,-32,-126,
1261,47,15,-322,-56,
1262,47,12,437,255,
1263,47,5,334,427,
1264,47,12,395,50,
1265,47,6,342,-472,
1266,47,6,-214,-265,
1267,47,18,-133,-187,
1268,47,11,-467,-444,
1269,47,14,-239,-337,
1270,47,11,-308,242,
1271,47,13,-129,-144,
1272,47,9,-228,499,
1273,47,20,382,-254,
1274,47,8,-158,-466,
1275,47,9,246,490,
1276,47,11,-300,276,
1277,47,13,-64,-148,
1278,47,14,-411,-112,
1279,47,15,-122,-164,
1280,47,9,179,188,
1281,47,14,198,-126,
1282,47,15,-63,155,
1283,47,6,477,5,
1284,47,12,498,243,
1285,47,12,369,241,
1286,47,19,249,-419,
1287,47,18,-8,-200,
1288,47,15,186,-432,
1289,47,11,491,-13,
1290,47,19,-48,422,
1291,47,6,-309,348,
1292,48,4,-499,377,
1293,48,4,-171,174,40
1294,48,3,-300,-168,40
1295,48,3,64,314,
1296,48,2,388,-433,
1297,48,5,310,480,
1298,48,4,202,-35,40
1299,48,5,384,-90,
1300,48,6,-261,362,40
1301,48,3,93,-177,40
1302,48,3,-476,-71,
1303,48,5,-200,-497,40
1304,48,6,52,-464,
1305,48,5,102,187,40
1306,48,1,173,261,
1307,48,4,205,443,
1308,48,2,468,158,
1309,48,3,147,309,40
1310,48,4,-216,148,
1311,48,3,50,332,
1312,48,2,-179,-376,
1313,48,1,-11,-243,40
1314,48,2,128,13,40
1315,48,1,352,-27,
1316,48,2,349,-468,40
1317,48,5,-89,244,40
1318,48,2,29,242,40
1319,48,2,-280,293,
1320,48,6,-357,-338,
1321,48,3,102,-66,40
1322,49,2,395,38,
1323,49,10,-194,-200,
1324,49,3,-133,-285,
1325,49,9,-430,-25,
1326,49,3,-178,229,
1327,49,8,48,-34,
1328,49,3,-336,-200,
1329,49,6,432,-454,
1330,49,7,203,-294,
1331,49,5,251,183,
1332,49,9,-64,150,
1333,49,6,288,336,
1334,49,4,300,170,
1335,49,4,-30,-261,
1336,49,2,314,-393,
1337,49,4,-490,-54,
1338,49,6,-77,127,
1339,49,5,-463,-116,
1340,49,5,-120,328,
1341,49,3,-456,-392,
1342,50,13,263,182,
1343,50,10,-395,33,
1344,50,12,490,379,
1345,50,8,97,14,
1346,50,6,34,373,
1347,50,12,-223,489,
1348,50,7,81,386,
1349,50,11,393,-251,
1350,50,10,-226,149,
1351,50,6,-103,468,
1352,50,16,314,-193,
1353,50,5,91,-342,
1354,50,12,-333,285,
1355,50,15,110,-149,
1356,50,15,152,-211,
1357,50,13,466,-354,
1358,50,13,-497,-469,
1359,50,9,259,474,
1360,50,4,170,-448,
1361,50,6,-464,236,
1362,50,6,209,138,
1363,50,10,236,-210,
1364,50,5,-256,-293,
1365,50,14,-62,-312,
1366,50,8,60,-25,
1367,50,9,-383,-130,
1368,50,5,-17,458,
1369,51,26,49,-98,
1370,51,48,188,37,
1371,51,43,-494,76,
1372,51,13,349,-188,
1373,51,13,-251,288,
1374,51,30,-225,51,
1375,51,29,376,-84,
1376,51,25,471,-170,
1377,51,20,352,-55,
1378,51,35,485,-16,
1379,51,30,-391,-498,
1380,51,21,161,414,
1381,51,39,-195,-70,
1382,51,26,248,69,
1383,51,41,381,-136,
1384,51,22,348,-215,
1385,51,36,-200,103,
1386,51,23,351,-494,
1387,51,12,-308,-372,
1388,51,50,422,296,
1389,51,20,-150,86,
1390,51,27,279,-198,
1391,51,19,195,-444,
1392,51,33,-454,-307,
1393,51,21,161,178,
1394,51,34,417,415,
1395,51,36,-369,-250,
1396,51,37,-350,-474,
1397,51,16,-77,-377,
1398,51,14,-262,375,
1399,51,21,308,163,
1400,51,33,113,99,
1401,51,17,-263,-318,
1402,51,49,321,176,
1403,51,25,360,219,
1404,51,46,204,-69,
1405,51,29,65,-167,
1406,51,46,300,286,
1407,51,42,-208,185,
1408,51,17,119,-270,
1409,52,15,-292,-286,53
1410,52,13,331,438,53
1411,52,16,473,167,54
1412,52,14,-231,-133,
1413,52,16,-8,-468,53
1414,52,13,479,8,54
1415,52,7,-159,-429,
1416,52,12,-384,-329,54
1417,52,17,410,477,54
1418,52,14,-87,-172,
1419,52,8,418,-334,
1420,52,19,245,-142,53
1421,52,6,439,239,
1422,52,5,-389,438,
1423,52,8,412,-497,53
1424,52,8,-130,88,54
1425,52,18,136,194,53
1426,52,12,79,-188,
1427,52,16,-139,-217,
1428,52,19,292,292,
1429,52,10,58,45,
1430,52,19,39,280,54
1431,52,19,366,427,
1432,52,14,438,-68,54
1433,54,2,145,368,98
1434,54,3,-397,-470,
1435,54,3,-325,-329,99
1436,54,1,266,-444,99
1437,54,2,361,75,
1438,54,2,217,445,98
1439,54,3,109,212,
1440,54,2,-192,-281,
1441,54,2,266,111,99
1442,54,3,-371,-70,
1443,54,1,352,466,
1444,54,1,424,264,
1445,54,1,95,451,98
1446,54,0,-398,328,
1447,54,1,-384,-27,98
1448,54,3,27,-96,98
1449,54,0,364,152,99
1450,54,1,-98,300,99
1451,54,1,272,-204,99
1452,54,2,-248,50,
1453,54,0,368,-105,98
1454,54,2,-447,123,
1455,54,0,-177,-54,
1456,54,2,474,210,98
1457,54,1,-89,416,99
1458,54,2,441,50,99
1459,54,1,103,-466,99
1460,54,1,-198,-249,
1461,54,3,22,95,
1462,54,1,-154,-64,99
1463,54,1,58,-94,
1464,54,2,340,349,99
1465,54,2,-150,-348,
1466,55,6,-54,-311,
1467,55,4,404,394,
1468,55,4,96,134,
1469,55,4,-258,32,
1470,55,4,149,100,
1471,55,7,129,-189,
1472,55,3,-217,190,
1473,55,2,-76,-280,
1474,55,2,368,418,
1475,55,3,-144,336,
1476,55,5,90,466,
1477,55,7,-382,-196,
1478,55,7,52,-231,
1479,55,2,112,-57,
1480,55,3,-65,223,
1481,55,6,442,88,
1482,55,3,215,-120,
1483,55,5,366,-72,
1484,55,6,377,-396,
1485,55,2,45,280,
1486,55,5,-323,-55,
1487,55,2,-308,-160,
1488,55,2,-421,224,
1489,55,5,-302,-61,
1490,55,5,-26,207,
1491,56,9,-51,-226,112
1492,56,27,417,-73,112
1493,56,12,334,229,
1494,56,21,-244,-411,
1495,56,27,287,193,112
1496,56,22,200,-461,
1497,56,27,314,416,112
1498,56,13,-363,343,
1499,56,16,-356,-120,112
1500,56,24,16,-155,112
1501,56,28,42,-353,112
1502,56,14,-84,-363,
1503,56,16,-380,-162,
1504,56,12,-429,-363,112
1505,56,10,243,-334,112
1506,56,10,-395,258,112
1507,56,15,-265,-265,
1508,56,23,-1,-75,112
1509,56,13,305,154,
1510,56,28,-319,352,112
1511,56,18,459,443,112
1512,56,24,-354,420,112
1513,56,29,-153,-140,112
1514,56,17,-300,499,112
1515,57,9,-178,-4,10
1516,57,19,-478,-477,10
1517,57,7,395,472,10
1518,57,5,-449,307,10
1519,57,8,380,422,10
1520,57,19,57,-255,10
1521,57,12,296,429,10
1522,57,13,237,-392,
1523,57,17,101,172,10
1524,57,17,-467,-114,
1525,57,18,365,-25,
1526,57,16,-296,-287,10
1527,57,6,82,-233,
1528,57,16,56,476,10
1529,57,16,139,-45,10
1530,57,20,-130,-455,10
1531,57,17,-118,-120,
1532,57,18,309,493,10
1533,57,16,332,-282,10
1534,57,8,414,162,
1535,57,11,383,175,10
1536,57,19,-464,-72,10
1537,57,12,357,-387,
1538,58,13,93,32,10
1539,58,12,398,-190,10
1540,58,5,33,150,
1541,58,9,-25,-490,10
1542,58,14,262,-129,
1543,58,10,159,304,10
1544,58,17,42,359,10
1545,58,8,129,-40,
1546,58,15,318,380,10
1547,58,6,429,272,10
1548,58,5,183,379,10
1549,58,19,-299,-381,
1550,58,16,-306,-204,10
1551,58,13,-150,154,
1552,58,19,316,-53,10
1553,58,11,-357,-170,
1554,58,18,293,-3,10
1555,58,18,-382,358,
1556,58,13,-194,307,10
1557,58,15,-479,133,
1558,58,5,-346,-284,10
1559,58,6,330,214,10
1560,58,8,292,446,
1561,58,6,190,280,10
1562,58,18,176,131,
1563,58,7,-477,-87,
1564,58,16,72,395,10
1565,58,19,-347,345,
1566,58,11,-63,482,10
1567,58,15,74,270,10
1568,58,18,-8,254,10
1569,59,17,-262,-364,10
1570,59,15,207,-129,10
1571,59,18,-473,-399,20
1572,59,17,121,484,20
1573,59,10,-360,447,
1574,59,20,250,-74,20
1575,59,12,97,301,20
1576,59,20,339,117,
1577,59,7,184,-257,
1578,59,7,391,40,20
1579,59,11,-351,-249,
1580,59,13,28,-122,10
1581,59,7,85,362,
1582,59,7,-405,236,20
1583,59,5,-281,283,20
1584,59,7,422,-79,
1585,59,6,284,211,
1586,59,16,294,-175,
1587,59,6,195,218,10
1588,59,14,456,-178,
1589,59,7,-494,220,
1590,59,5,-372,-430,20
1591,59,8,-129,-480,
1592,59,17,-152,116,
1593,59,15,444,143,10
1594,59,8,252,92,20
1595,59,13,500,257,
1596,59,20,57,359,10
1597,59,13,-352,-210,10
1598,59,17,155,188,
1599,59,5,-299,-26,
1600,59,6,-407,-466,
1601,59,6,-379,-407,20
1602,59,17,13,226,
1603,59,10,118,-298,
1604,59,20,443,263,
1605,59,20,265,443,
1606,59,6,-186,-33,10
1607,59,10,-260,-428,
1608,59,13,-372,56,
1609,60,13,372,430,
1610,60,12,311,448,74
1611,60,10,156,-95,74
1612,60,14,-134,-183,
1613,60,12,-129,-483,
1614,60,10,238,-342,
1615,60,7,182,-339,74
1616,60,11,-321,-90,74
1617,60,6,-149,19,74
1618,60,16,-182,-438,
1619,60,9,-205,-495,
1620,60,9,-63,-423,
1621,60,15,495,-421,
1622,60,4,8,-295,74
1623,60,14,460,480,
1624,60,9,-470,385,74
1625,60,11,333,352,74
1626,60,5,-204,14,
1627,60,11,-433,-112,74
1628,60,8,-307,-44,74
1629,61,16,417,-435,116
1630,61,16,265,-395,116
1631,61,7,21,-445,
1632,61,16,36,288,116
1633,61,7,-87,17,
1634,61,14,-146,-487,116
1635,61,12,-462,277,
1636,61,14,341,330,116
1637,61,10,-449,-33,116
1638,61,5,426,-80,
1639,61,9,-468,-66,116
1640,61,5,-305,-487,116
1641,61,5,-121,306,116
1642,61,15,-458,189,
1643,61,6,60,-163,
1644,61,9,-61,298,116
1645,61,6,171,-29,
1646,61,9,82,412,
1647,61,9,489,42,116
1648,61,15,-26,-83,116
1649,61,9,259,94,116
1650,61,6,257,-433,
1651,63,11,-328,-7,
1652,63,12,-428,-336,124
1653,63,3,4,226,
1654,63,4,-25,-356,120
1655,63,6,-400,308,124
1656,63,9,190,-472,124
1657,63,11,-344,94,
1658,63,10,-111,140,
1659,63,5,-208,37,124
1660,63,4,363,-64,
1661,63,6,393,-67,
1662,63,8,-380,471,
1663,63,9,471,-24,120
1664,63,10,-232,132,
1665,63,3,-81,8,120
1666,63,5,-314,68,
1667,63,11,146,-340,120
1668,63,7,-269,-485,
1669,63,10,332,-463,
1670,63,8,-41,80,124
1671,63,3,391,145,124
1672,63,12,111,31,120
1673,63,8,277,-148,
1674,63,11,26,163,120
1675,63,8,-422,-458,
1676,63,12,-38,-339,
1677,63,3,329,-265,124
1678,63,10,251,-61,
1679,64,13,355,371,120
1680,64,8,273,112,
1681,64,13,-479,294,120
1682,64,15,-228,-396,120
1683,64,7,156,310,
1684,64,13,-488,-457,124
1685,64,11,-255,-253,124
1686,64,8,-299,153,120
1687,64,16,-277,366,124
1688,64,11,-360,-286,
1689,64,4,382,-400,
1690,64,16,394,342,124
1691,64,4,484,498,
1692,64,10,-264,398,
1693,64,6,263,399,120
1694,64,7,50,-174,124
1695,64,14,215,64,120
1696,64,14,178,-81,
1697,64,15,210,-212,124
1698,64,8,353,390,124
1699,64,7,-118,100,120
1700,64,11,495,105,120
1701,65,10,298,36,
1702,65,8,147,134,
1703,65,9,-121,255,51
1704,65,9,89,-455,51
1705,65,5,487,48,
1706,65,6,-62,-132,
1707,65,7,-71,-173,
1708,65,5,289,-479,
1709,65,5,144,-315,51
1710,65,8,-330,488,
1711,65,4,-440,-343,
1712,65,5,-293,-413,
1713,65,3,-34,189,
1714,65,5,371,349,51
1715,65,5,283,-117,
1716,65,4,421,177,
1717,65,8,-46,-344,51
1718,65,10,435,490,51
1719,65,5,-342,-405,51
1720,65,3,440,137,51
1721,65,4,306,458,51
1722,65,4,482,256,
1723,65,2,80,186,
1724,65,10,-414,39,51
1725,65,2,-310,110,
1726,65,8,-360,122,
1727,65,5,-396,-411,51
1728,65,7,80,-55,
1729,65,6,282,-344,
1730,65,9,102,-444,
1731,65,7,-193,-264,51
1732,65,9,182,-318,
1733,65,3,-140,-452,
1734,66,6,-342,335,
1735,66,5,-305,-208,64
1736,66,7,-428,270,
1737,66,10,-244,181,64
1738,66,7,115,-127,
1739,66,4,-276,-47,
1740,66,6,52,-199,
1741,66,3,-44,-490,64
1742,66,5,-319,-396,
1743,66,5,-113,251,64
1744,66,8,-410,229,64
1745,66,6,393,-153,
1746,66,8,237,-155,
1747,66,7,203,43,64
1748,66,2,-458,-253,64
1749,66,6,59,-389,64
1750,66,8,-452,-416,64
1751,66,6,181,-34,64
1752,66,3,253,91,64
1753,66,10,454,-361,
1754,66,7,457,217,64
1755,66,7,-107,-432,64
1756,66,9,-162,106,
1757,66,5,-382,462,64
1758,66,6,37,-415,
1759,66,7,-181,-220,64
1760,66,9,264,185,
1761,66,9,456,-404,64
1762,66,7,-471,-154,
1763,66,8,138,46,
1764,66,5,-479,-345,64
1765,67,8,89,-330,
1766,67,18,-326,237,124
1767,67,20,-291,-308,
1768,67,9,43,53,
1769,67,14,-285,70,124
1770,67,11,-293,-402,
1771,67,7,282,-441,
1772,67,12,-383,436,124
1773,67,20,310,224,
1774,67,9,109,-247,124
1775,67,18,96,-291,
1776,67,15,417,-450,124
1777,67,5,380,-414,
1778,67,8,-114,35,
1779,67,16,-112,337,124
1780,67,8,-123,-157,124
1781,67,17,243,109,124
1782,67,6,259,371,
1783,67,7,-265,192,
1784,67,11,434,-31,
1785,67,6,252,31,124
1786,67,8,-165,-183,124
1787,67,17,-62,-207,
1788,67,15,206,159,
1789,67,20,60,-293,
1790,67,13,-471,-488,
1791,67,15,161,305,124
1792,67,16,-300,302,124
1793,67,11,196,61,124
1794,67,13,-482,352,124
1795,67,9,-232,170,124
1796,67,5,-14,-443,
1797,68,2,132,-376,
1798,68,3,-241,349,
1799,68,4,-347,-373,
1800,68,4,151,382,
1801,68,1,408,-287,
1802,68,2,-239,-286,
1803,68,1,-105,-444,
1804,68,1,-372,263,
1805,68,5,281,490,
1806,68,6,30,-233,
1807,68,3,128,244,
1808,68,4,193,-352,
1809,68,4,-83,-239,
1810,68,5,-320,469,
1811,68,5,353,-251,
1812,68,2,454,109,
1813,68,1,-147,31,
1814,68,6,368,-205,
1815,68,5,-267,-20,
1816,68,5,487,-374,
1817,68,3,-47,415,
1818,68,5,197,381,
1819,68,4,104,324,
1820,68,1,320,24,
1821,68,2,-107,-212,
1822,68,6,182,499,
1823,68,5,-233,-369,
1824,68,1,-185,369,
1825,68,3,-120,-319,
1826,68,3,288,480,
1827,69,15,-80,307,
1828,69,25,310,-242,
1829,69,25,299,-457,
1830,69,30,248,-316,
1831,69,28,-250,-26,
1832,69,11,215,-472,
1833,69,7,151,-165,
1834,69,21,488,-93,
1835,69,17,240,209,
1836,69,17,321,4,
1837,69,27,125,-332,
1838,69,15,314,157,
1839,69,14,441,208,
1840,69,21,-58,239,
1841,69,26,-203,401,
1842,69,22,390,186,
1843,69,9,107,121,
1844,69,19,-467,321,
1845,69,22,186,-166,
1846,69,11,-136,-414,
1847,69,20,-62,-13,
1848,69,19,243,499,
1849,69,11,-436,186,
1850,69,25,-83,85,
1851,70,20,328,403,
1852,70,18,-290,-205,
1853,70,10,281,-34,
1854,70,6,-90,495,
1855,70,8,-118,-90,
1856,70,10,-314,-173,
1857,70,6,121,-201,
1858,70,10,-23,14,
1859,70,6,-423,-352,
1860,70,15,226,355,
1861,70,10,89,-25,
1862,70,19,-89,-105,
1863,70,8,-453,-407,
1864,70,12,-148,35,
1865,70,17,472,303,
1866,70,18,-189,-65,
1867,70,5,17,353,
1868,70,12,473,316,
1869,70,13,-337,-176,
1870,70,7,365,273,
1871,70,5,80,-207,
1872,73,7,-267,-206,
1873,73,8,-56,-328,
1874,73,8,-119,215,
1875,73,3,153,-107,
1876,73,4,449,110,
1877,73,6,161,472,
1878,73,7,-432,124,
1879,73,3,-465,152,
1880,73,2,218,-228,
1881,73,2,193,334,
1882,73,5,246,-354,
1883,73,5,-41,417,
1884,73,6,-411,-411,
1885,73,6,46,-247,
1886,73,7,238,203,
1887,73,3,-198,-144,
1888,73,3,-190,-101,
1889,73,2,-58,-360,
1890,73,7,-45,433,
1891,73,5,-389,-214,
1892,73,5,339,-304,
1893,73,8,-152,141,
1894,73,7,362,-43,
1895,73,3,281,-312,
1896,73,2,-54,-36,
1897,73,5,310,-360,
1898,73,2,192,-180,
1899,75,20,-312,333,
1900,75,5,18,302,
1901,75,19,-309,386,78
1902,75,15,188,458,
1903,75,18,-471,-256,23
1904,75,5,-269,211,
1905,75,17,-15,325,
1906,75,9,406,-135,78
1907,75,11,193,-432,23
1908,75,7,447,-3,78
1909,75,7,257,149,78
1910,75,19,-266,377,23
1911,75,12,72,147,78
1912,75,19,243,252,
1913,75,5,-80,-166,
1914,75,20,86,-195,23
1915,75,11,-103,197,
1916,75,14,-80,482,23
1917,75,5,-318,319,78
1918,75,10,-79,-436,
1919,75,7,476,165,78
1920,75,15,-220,333,78
1921,75,8,452,-17,
1922,75,9,295,73,23
1923,75,16,-333,193,23
1924,75,9,-393,-237,23
1925,75,19,-51,-127,23
1926,75,20,-85,4,
1927,75,14,-89,-12,
1928,75,13,-234,199,23
1929,75,13,438,162,23
1930,75,14,-254,-42,
1931,75,15,443,-144,23
1932,75,14,-265,-18,
1933,75,9,-463,-217,23
1934,75,15,-463,349,23
1935,75,12,468,-6,
1936,75,14,330,455,78
1937,76,16,-28,109,
1938,76,14,-117,-363,65
1939,76,15,223,439,
1940,76,5,-436,320,65
1941,76,20,-8,-133,
1942,76,7,480,298,
1943,76,10,-455,-303,
1944,76,20,493,336,
1945,76,19,-298,244,65
1946,76,17,-451,-343,65
1947,76,14,223,-443,
1948,76,16,272,261,65
1949,76,18,-316,-105,
1950,76,11,409,373,
1951,76,6,-121,-49,
1952,76,19,-92,-36,
1953,76,14,20,461,
1954,76,7,-360,336,65
1955,76,8,285,-163,65
1956,76,17,440,284,
1957,76,10,144,322,
1958,76,18,388,-115,65
1959,76,10,259,23,65
1960,76,14,-309,481,
1961,76,13,7,321,65
1962,76,10,143,-275,65
1963,76,10,-355,-198,65
1964,76,16,-379,48,65
1965,76,6,-161,82,
1966,76,17,183,297,
1967,76,20,-190,-470,65
1968,76,19,-442,355,65
1969,76,18,-164,-420,65
1970,76,9,424,-284,
1971,76,16,140,285,
1972,76,14,-128,488,65
1973,77,14,-212,-8,65
1974,77,7,116,238,
1975,77,5,126,-54,
1976,77,20,251,244,65
1977,77,12,-14,346,65
1978,77,11,258,-473,65
1979,77,9,298,317,65
1980,77,12,-193,204,
1981,77,5,-140,33,65
1982,77,14,139,38,65
1983,77,10,386,226,
1984,77,19,35,-349,65
1985,77,16,-413,-413,
1986,77,19,-377,-490,
1987,77,5,-337,189,
1988,77,10,-304,142,
1989,77,19,354,461,65
1990,77,7,19,458,
1991,77,9,174,59,
1992,77,16,53,114,
1993,77,17,400,172,
1994,77,20,247,361,65
1995,77,15,476,105,
1996,77,10,-298,45,65
1997,77,11,-282,-72,
1998,77,19,-178,-372,
1999,77,18,-212,206,
2000,77,7,-144,-179,
2001,77,15,132,141,
2002,77,6,-206,228,65
2003,77,17,301,344,65
2004,77,5,-283,-27,65
2005,77,7,-461,-274,
2006,77,15,230,191,65
2007,77,19,-450,-379,65
2008,77,19,-220,-375,
2009,77,8,495,-133,
2010,77,8,488,-168,
2011,77,20,217,34,65
2012,77,16,446,-127,65
2013,78,5,399,263,65
2014,78,19,411,76,
2015,78,12,415,203,65
2016,78,12,-12,415,65
2017,78,17,496,-417,65
2018,78,19,-190,271,
2019,78,17,351,419,
2020,78,16,-244,-304,65
2021,78,12,-139,110,
2022,78,15,-339,-474,
2023,78,6,-250,-368,
2024,78,7,-479,-316,65
2025,78,11,-347,-351,65
2026,78,8,233,325,65
2027,78,12,165,-476,
2028,78,19,325,-24,65
2029,78,7,-345,-458,65
2030,78,10,92,219,65
2031,78,15,290,-400,65
2032,78,16,-226,100,
